﻿<?xml version="1.0" encoding="utf-8"?><DEFECTS><DEFECT>
    <SFA>
      <FILEPATH>C:\Users\dominoe.lamattina\source\repos\StaticAnalysis\StaticAnalysis\</FILEPATH>
      <FILENAME>StaticAnalysis.cpp</FILENAME>
      <LINE>71</LINE>
      <COLUMN>17</COLUMN>
    </SFA>
    <DEFECTCODE>26446</DEFECTCODE>
    <DESCRIPTION>Prefer to use gsl::at() instead of unchecked subscript operator (bounds.4).</DESCRIPTION>
    <FUNCTION>work_with_arrays</FUNCTION>
    <DECORATED>?work_with_arrays@@YAXH@Z</DECORATED>
    <FUNCLINE>66</FUNCLINE>
    <PATH></PATH>
  </DEFECT><DEFECT>
    <SFA>
      <FILEPATH>C:\Users\dominoe.lamattina\source\repos\StaticAnalysis\StaticAnalysis\</FILEPATH>
      <FILENAME>StaticAnalysis.cpp</FILENAME>
      <LINE>66</LINE>
      <COLUMN>5</COLUMN>
    </SFA>
    <DEFECTCODE>26440</DEFECTCODE>
    <DESCRIPTION>Function 'work_with_arrays' can be declared 'noexcept' (f.6).</DESCRIPTION>
    <FUNCTION>work_with_arrays</FUNCTION>
    <DECORATED>?work_with_arrays@@YAXH@Z</DECORATED>
    <FUNCLINE>66</FUNCLINE>
    <PATH></PATH>
  </DEFECT><DEFECT>
    <SFA>
      <FILEPATH>C:\Users\dominoe.lamattina\source\repos\StaticAnalysis\StaticAnalysis\</FILEPATH>
      <FILENAME>StaticAnalysis.cpp</FILENAME>
      <LINE>66</LINE>
      <COLUMN>5</COLUMN>
    </SFA>
    <DEFECTCODE>26497</DEFECTCODE>
    <DESCRIPTION>You can attempt to make 'work_with_arrays' constexpr unless it contains any undefined behavior (f.4).</DESCRIPTION>
    <FUNCTION>work_with_arrays</FUNCTION>
    <DECORATED>?work_with_arrays@@YAXH@Z</DECORATED>
    <FUNCLINE>66</FUNCLINE>
    <PATH></PATH>
  </DEFECT><DEFECT>
    <SFA>
      <FILEPATH>C:\Users\dominoe.lamattina\source\repos\StaticAnalysis\StaticAnalysis\</FILEPATH>
      <FILENAME>StaticAnalysis.cpp</FILENAME>
      <LINE>71</LINE>
      <COLUMN>19</COLUMN>
    </SFA>
    <DEFECTCODE>26482</DEFECTCODE>
    <DESCRIPTION>Only index into arrays using constant expressions (bounds.2).</DESCRIPTION>
    <FUNCTION>work_with_arrays</FUNCTION>
    <DECORATED>?work_with_arrays@@YAXH@Z</DECORATED>
    <FUNCLINE>66</FUNCLINE>
    <PATH></PATH>
  </DEFECT><DEFECT>
    <SFA>
      <FILEPATH>C:\Users\dominoe.lamattina\source\repos\StaticAnalysis\StaticAnalysis\</FILEPATH>
      <FILENAME>StaticAnalysis.cpp</FILENAME>
      <LINE>68</LINE>
      <COLUMN>8</COLUMN>
    </SFA>
    <DEFECTCODE>26494</DEFECTCODE>
    <DESCRIPTION>Variable 'buf' is uninitialized. Always initialize an object (type.5).</DESCRIPTION>
    <FUNCTION>work_with_arrays</FUNCTION>
    <DECORATED>?work_with_arrays@@YAXH@Z</DECORATED>
    <FUNCLINE>66</FUNCLINE>
    <ADDITIONALINFO>
      <targetSymbol>buf</targetSymbol>
    </ADDITIONALINFO>
    <PATH></PATH>
  </DEFECT><DEFECT>
    <SFA>
      <FILEPATH>C:\Users\dominoe.lamattina\source\repos\StaticAnalysis\StaticAnalysis\</FILEPATH>
      <FILENAME>StaticAnalysis.cpp</FILENAME>
      <LINE>70</LINE>
      <COLUMN>30</COLUMN>
    </SFA>
    <DEFECTCODE>26472</DEFECTCODE>
    <DESCRIPTION>Don't use a static_cast for arithmetic conversions. Use brace initialization, gsl::narrow_cast or gsl::narrow (type.1).</DESCRIPTION>
    <FUNCTION>work_with_arrays</FUNCTION>
    <DECORATED>?work_with_arrays@@YAXH@Z</DECORATED>
    <FUNCLINE>66</FUNCLINE>
    <PATH></PATH>
  </DEFECT><DEFECT>
    <SFA>
      <FILEPATH>C:\Users\dominoe.lamattina\source\repos\StaticAnalysis\StaticAnalysis\</FILEPATH>
      <FILENAME>StaticAnalysis.cpp</FILENAME>
      <LINE>110</LINE>
      <COLUMN>5</COLUMN>
    </SFA>
    <DEFECTCODE>26440</DEFECTCODE>
    <DESCRIPTION>Function 'my_function' can be declared 'noexcept' (f.6).</DESCRIPTION>
    <FUNCTION>my_function</FUNCTION>
    <DECORATED>?my_function@@YA_NXZ</DECORATED>
    <FUNCLINE>110</FUNCLINE>
    <PATH></PATH>
  </DEFECT><DEFECT>
    <SFA>
      <FILEPATH>C:\Users\dominoe.lamattina\source\repos\StaticAnalysis\StaticAnalysis\</FILEPATH>
      <FILENAME>StaticAnalysis.cpp</FILENAME>
      <LINE>118</LINE>
      <COLUMN>11</COLUMN>
    </SFA>
    <DEFECTCODE>26440</DEFECTCODE>
    <DESCRIPTION>Function 'Token::next' can be declared 'noexcept' (f.6).</DESCRIPTION>
    <FUNCTION>Token::next</FUNCTION>
    <DECORATED>?next@Token@@QEAAPEAU1@XZ</DECORATED>
    <FUNCLINE>118</FUNCLINE>
    <PATH></PATH>
  </DEFECT><DEFECT>
    <SFA>
      <FILEPATH>C:\Users\dominoe.lamattina\source\repos\StaticAnalysis\StaticAnalysis\</FILEPATH>
      <FILENAME>StaticAnalysis.cpp</FILENAME>
      <LINE>151</LINE>
      <COLUMN>12</COLUMN>
    </SFA>
    <DEFECTCODE>6246</DEFECTCODE>
    <DESCRIPTION>Local declaration of 'x' hides declaration of the same name in outer scope. For additional information, see previous declaration at line '134' of 'c:\users\dominoe.lamattina\source\repos\staticanalysis\staticanalysis\staticanalysis.cpp'.</DESCRIPTION>
    <FUNCTION>main</FUNCTION>
    <DECORATED>main</DECORATED>
    <FUNCLINE>131</FUNCLINE>
    <PATH>
      <SFA>
        <FILEPATH>C:\Users\dominoe.lamattina\source\repos\StaticAnalysis\StaticAnalysis\</FILEPATH>
        <FILENAME>StaticAnalysis.cpp</FILENAME>
        <LINE>134</LINE>
        <COLUMN>8</COLUMN>
      </SFA>
    </PATH>
  </DEFECT><DEFECT>
    <SFA>
      <FILEPATH>C:\Users\dominoe.lamattina\source\repos\StaticAnalysis\StaticAnalysis\</FILEPATH>
      <FILENAME>StaticAnalysis.cpp</FILENAME>
      <LINE>152</LINE>
      <COLUMN>12</COLUMN>
    </SFA>
    <DEFECTCODE>6246</DEFECTCODE>
    <DESCRIPTION>Local declaration of 'y' hides declaration of the same name in outer scope. For additional information, see previous declaration at line '135' of 'c:\users\dominoe.lamattina\source\repos\staticanalysis\staticanalysis\staticanalysis.cpp'.</DESCRIPTION>
    <FUNCTION>main</FUNCTION>
    <DECORATED>main</DECORATED>
    <FUNCLINE>131</FUNCLINE>
    <PATH>
      <SFA>
        <FILEPATH>C:\Users\dominoe.lamattina\source\repos\StaticAnalysis\StaticAnalysis\</FILEPATH>
        <FILENAME>StaticAnalysis.cpp</FILENAME>
        <LINE>135</LINE>
        <COLUMN>8</COLUMN>
      </SFA>
    </PATH>
  </DEFECT><DEFECT>
    <SFA>
      <FILEPATH>C:\Users\dominoe.lamattina\source\repos\StaticAnalysis\StaticAnalysis\</FILEPATH>
      <FILENAME>StaticAnalysis.cpp</FILENAME>
      <LINE>153</LINE>
      <COLUMN>12</COLUMN>
    </SFA>
    <DEFECTCODE>6246</DEFECTCODE>
    <DESCRIPTION>Local declaration of 'z' hides declaration of the same name in outer scope. For additional information, see previous declaration at line '136' of 'c:\users\dominoe.lamattina\source\repos\staticanalysis\staticanalysis\staticanalysis.cpp'.</DESCRIPTION>
    <FUNCTION>main</FUNCTION>
    <DECORATED>main</DECORATED>
    <FUNCLINE>131</FUNCLINE>
    <PATH>
      <SFA>
        <FILEPATH>C:\Users\dominoe.lamattina\source\repos\StaticAnalysis\StaticAnalysis\</FILEPATH>
        <FILENAME>StaticAnalysis.cpp</FILENAME>
        <LINE>136</LINE>
        <COLUMN>8</COLUMN>
      </SFA>
    </PATH>
  </DEFECT><DEFECT>
    <SFA>
      <FILEPATH>C:\Users\dominoe.lamattina\source\repos\StaticAnalysis\StaticAnalysis\</FILEPATH>
      <FILENAME>StaticAnalysis.cpp</FILENAME>
      <LINE>134</LINE>
      <COLUMN>8</COLUMN>
    </SFA>
    <DEFECTCODE>26496</DEFECTCODE>
    <DESCRIPTION>The variable 'x' does not change after construction, mark it as const (con.4).</DESCRIPTION>
    <FUNCTION>main</FUNCTION>
    <DECORATED>main</DECORATED>
    <FUNCLINE>131</FUNCLINE>
    <PATH></PATH>
  </DEFECT><DEFECT>
    <SFA>
      <FILEPATH>C:\Users\dominoe.lamattina\source\repos\StaticAnalysis\StaticAnalysis\</FILEPATH>
      <FILENAME>StaticAnalysis.cpp</FILENAME>
      <LINE>135</LINE>
      <COLUMN>8</COLUMN>
    </SFA>
    <DEFECTCODE>26496</DEFECTCODE>
    <DESCRIPTION>The variable 'y' does not change after construction, mark it as const (con.4).</DESCRIPTION>
    <FUNCTION>main</FUNCTION>
    <DECORATED>main</DECORATED>
    <FUNCLINE>131</FUNCLINE>
    <PATH></PATH>
  </DEFECT><DEFECT>
    <SFA>
      <FILEPATH>C:\Users\dominoe.lamattina\source\repos\StaticAnalysis\StaticAnalysis\</FILEPATH>
      <FILENAME>StaticAnalysis.cpp</FILENAME>
      <LINE>136</LINE>
      <COLUMN>8</COLUMN>
    </SFA>
    <DEFECTCODE>26496</DEFECTCODE>
    <DESCRIPTION>The variable 'z' does not change after construction, mark it as const (con.4).</DESCRIPTION>
    <FUNCTION>main</FUNCTION>
    <DECORATED>main</DECORATED>
    <FUNCLINE>131</FUNCLINE>
    <PATH></PATH>
  </DEFECT><DEFECT>
    <SFA>
      <FILEPATH>C:\Users\dominoe.lamattina\source\repos\StaticAnalysis\StaticAnalysis\</FILEPATH>
      <FILENAME>StaticAnalysis.cpp</FILENAME>
      <LINE>151</LINE>
      <COLUMN>12</COLUMN>
    </SFA>
    <DEFECTCODE>26496</DEFECTCODE>
    <DESCRIPTION>The variable 'x' does not change after construction, mark it as const (con.4).</DESCRIPTION>
    <FUNCTION>main</FUNCTION>
    <DECORATED>main</DECORATED>
    <FUNCLINE>131</FUNCLINE>
    <PATH></PATH>
  </DEFECT><DEFECT>
    <SFA>
      <FILEPATH>C:\Users\dominoe.lamattina\source\repos\StaticAnalysis\StaticAnalysis\</FILEPATH>
      <FILENAME>StaticAnalysis.cpp</FILENAME>
      <LINE>152</LINE>
      <COLUMN>12</COLUMN>
    </SFA>
    <DEFECTCODE>26496</DEFECTCODE>
    <DESCRIPTION>The variable 'y' does not change after construction, mark it as const (con.4).</DESCRIPTION>
    <FUNCTION>main</FUNCTION>
    <DECORATED>main</DECORATED>
    <FUNCLINE>131</FUNCLINE>
    <PATH></PATH>
  </DEFECT><DEFECT>
    <SFA>
      <FILEPATH>C:\Users\dominoe.lamattina\source\repos\StaticAnalysis\StaticAnalysis\</FILEPATH>
      <FILENAME>StaticAnalysis.cpp</FILENAME>
      <LINE>153</LINE>
      <COLUMN>12</COLUMN>
    </SFA>
    <DEFECTCODE>26496</DEFECTCODE>
    <DESCRIPTION>The variable 'z' does not change after construction, mark it as const (con.4).</DESCRIPTION>
    <FUNCTION>main</FUNCTION>
    <DECORATED>main</DECORATED>
    <FUNCLINE>131</FUNCLINE>
    <PATH></PATH>
  </DEFECT><DEFECT>
    <SFA>
      <FILEPATH>C:\Users\dominoe.lamattina\source\repos\StaticAnalysis\StaticAnalysis\</FILEPATH>
      <FILENAME>StaticAnalysis.cpp</FILENAME>
      <LINE>169</LINE>
      <COLUMN>18</COLUMN>
    </SFA>
    <DEFECTCODE>26496</DEFECTCODE>
    <DESCRIPTION>The variable 'myobject' does not change after construction, mark it as const (con.4).</DESCRIPTION>
    <FUNCTION>main</FUNCTION>
    <DECORATED>main</DECORATED>
    <FUNCLINE>131</FUNCLINE>
    <PATH></PATH>
  </DEFECT></DEFECTS>